{
    "criteria": {
        "test": {
            "trigger": "curios:equip_curio",
            "conditions": {
                "curios:slot": {
                    "slots": ["necklace"],
                    "item": {
                        "items":[ 
                            "minecraft:nether_star"
                        ]
                    }
                }
            }
        }
    },
    "rewards": {
        "function": "curios_concepts:add_slots/necklace"
    }
}